{
  "id": "",
  "name": "",
  "font_family": "iconfont",
  "css_prefix_text": "icon-",
  "description": "",
  "glyphs": [
    {
      "icon_id": "2774",
      "name": "阿里巴巴字体",
      "font_class": "alibabaziti",
      "unicode": "f0262",
      "unicode_decimal": 983650
    },
    {
      "icon_id": "2306764",
      "name": "BILIBILI_LOGO",
      "font_class": "bilibili",
      "unicode": "e6b4",
      "unicode_decimal": 59060
    },
    {
      "icon_id": "6496026",
      "name": "Vue",
      "font_class": "Vue",
      "unicode": "e799",
      "unicode_decimal": 59289
    }
  ]
}
