{
  "id": "",
  "name": "",
  "font_family": "iconfont",
  "css_prefix_text": "icon-",
  "description": "",
  "glyphs": [
    {
      "icon_id": "446675",
      "name": "聚划算",
      "font_class": "juhuasuan",
      "unicode": "e6a2",
      "unicode_decimal": 59042
    },
    {
      "icon_id": "829644",
      "name": "网易",
      "font_class": "wangyi",
      "unicode": "e605",
      "unicode_decimal": 58885
    },
    {
      "icon_id": "829656",
      "name": "当当网",
      "font_class": "dangdangwang",
      "unicode": "e606",
      "unicode_decimal": 58886
    },
    {
      "icon_id": "833320",
      "name": "亚马逊",
      "font_class": "yamaxun",
      "unicode": "e61c",
      "unicode_decimal": 58908
    },
    {
      "icon_id": "1170253",
      "name": "买",
      "font_class": "mai",
      "unicode": "e69c",
      "unicode_decimal": 59036
    },
    {
      "icon_id": "6078867",
      "name": "京东-01",
      "font_class": "jingdong-",
      "unicode": "e643",
      "unicode_decimal": 58947
    },
    {
      "icon_id": "9945087",
      "name": "优惠券",
      "font_class": "youhuiquan",
      "unicode": "e69e",
      "unicode_decimal": 59038
    },
    {
      "icon_id": "17447553",
      "name": "淘宝",
      "font_class": "26",
      "unicode": "e615",
      "unicode_decimal": 58901
    },
    {
      "icon_id": "18166723",
      "name": "拼多多",
      "font_class": "pinduoduo",
      "unicode": "e8df",
      "unicode_decimal": 59615
    }
  ]
}
